instance,noise_0.01,noise_0.015,noise_0.02,noise_0.025,noise_0.03,noise_0.035
1,4.0893683,4.098063,4.0803175,4.1123204,4.0987186,4.094292
2,6.992044,7.368994,7.046607,8.183654,6.803405,7.2353673
3,53111970.0,3.131193e+23,67134357000000.0,6.430162e+25,53278798000.0,32940107000000.0
4,nan,nan,nan,nan,nan,nan
5,nan,nan,nan,nan,nan,nan
6,nan,nan,nan,nan,nan,nan
7,nan,nan,nan,nan,nan,nan
8,nan,nan,nan,nan,nan,nan
