instance,noise_0.01,noise_0.015,noise_0.02,noise_0.025,noise_0.03,noise_0.035
1,4.2432294,4.234958,4.2403164,4.257164,4.2177324,4.2492127
2,75282240000000.0,63482976000000.0,482088850000.0,570440200000000.0,15837228000000.0,1.1374464e+16
3,nan,nan,nan,nan,nan,nan
4,nan,nan,nan,nan,nan,nan
5,nan,nan,nan,nan,nan,nan
6,nan,nan,nan,nan,nan,nan
7,nan,nan,nan,nan,nan,nan
8,nan,nan,nan,nan,nan,nan
